Uuid,first_name,last_name,phone,email
db0c8f6e-6754-43bd-957a-56e25db4bf58,Baillie,Doyle,206-405-6942,"bdoyle0@google.it,bdoyle5@gmail.com"
8793e2b8-eba2-415d-ae42-039e989e17d2,Tammy,Defond,796-711-0270,tdefond1@state.gov
d3c4e070-2e9f-4bd1-8dd5-ace6963f4e76,Dewain,Pascall,646-379-7888,dpascall2@hhs.gov
11d4f2a3-7b10-41e1-a432-f5c85015bd71,Sula,Mewe,307-967-7688,smewe3@youku.com
0fa90d33-366f-48e2-bf35-1a979f3133c4,Peadar,Thirlaway,803-249-8477,pthirlaway4@arstechnica.com
cedd1ab7-65aa-422a-9e3a-988dfdd69850,Sheelah,McQuaid,414-512-2754,smcquaid5@reverbnation.com
94953e67-59de-4dd9-997e-f26a11f1bc47,Jules,Udey,680-690-0410,judey6@opensource.org
33570a60-102c-456d-9fdb-ff21584ae2fa,Ronalda,Spelwood,384-877-3766,rspelwood7@wikispaces.com
b0e0bde5-37ad-4e5a-98b4-0858b5a1a1f4,Wilhelmine,Phelips,776-174-1901,wphelips8@weather.com
e6fd450d-9c21-44c3-8c5a-e788243768a5,Baudoin,Leere,237-269-2718,bleere9@privacy.gov.au
b712ac69-2d3e-4280-aaf8-f62e28edd638,Ilene,Gerok,795-119-6301,igerok0@ebay.co.uk
abe17c99-d649-4e5e-9429-045cb96bbf4e,Isa,Wallbank,900-655-3876,iwallbank1@senate.gov
12d0bc49-4ab7-4398-bd91-1f69ea34cb0c,Rivi,Oulet,630-558-9274,roulet2@pcworld.com
1718532c-2b86-475f-9986-6ee702df1a42,Anatollo,Aisbett,831-710-1185,aaisbett3@cocolog-nifty.com
467a2470-03a9-404c-bda3-51d318b5a84c,Geralda,Body,629-242-1163,gbody4@apache.org
d5117bc9-1d80-41f5-b495-0fb98f052979,Marshal,Jedrych,704-747-3207,mjedrych5@exblog.jp
15d08bd2-d701-47b3-9da4-f73ecde6961a,Keefer,Sircomb,172-426-5736,ksircomb6@odnoklassniki.ru
ecdca8ca-c96d-4b60-81de-fda79e0d9e46,Larisa,Marcinkowski,114-570-7889,lmarcinkowski7@mac.com
66a5457c-c664-4202-869c-55f0b73c4669,Frieda,Hannaby,741-843-3475,fhannaby8@google.it
13e377a1-2f64-4299-b115-399e74e9e308,Hyacinth,Costar,697-551-7728,hcostar9@pinterest.com
